{
  "train_loss_last": 130.87711134552956,
  "val_loss_last": 34.35885742306709,
  "val_accuracy": 0.7320810677212062
}