{
    "0": {
        "loss": 346.69868540763855,
        "accuracy": 0.5145534041224235
    },
    "1": {
        "loss": 342.3406709432602,
        "accuracy": 0.558525921299188
    },
    "2": {
        "loss": 334.8768537044525,
        "accuracy": 0.5785134291068083
    },
    "3": {
        "loss": 331.6151741743088,
        "accuracy": 0.5888819487820113
    },
    "4": {
        "loss": 330.0073662698269,
        "accuracy": 0.596002498438476
    },
    "5": {
        "loss": 327.7197151482105,
        "accuracy": 0.6037476577139288
    },
    "6": {
        "loss": 327.83322528004646,
        "accuracy": 0.6034978138663335
    },
    "7": {
        "loss": 326.5067588984966,
        "accuracy": 0.6022485946283572
    },
    "8": {
        "loss": 325.34843251109123,
        "accuracy": 0.6069956277326671
    },
    "9": {
        "loss": 325.230631262064,
        "accuracy": 0.6068707058088695
    },
    "10": {
        "loss": 324.3153088390827,
        "accuracy": 0.6092442223610244
    },
    "11": {
        "loss": 322.9246707856655,
        "accuracy": 0.6106183635227983
    },
    "12": {
        "loss": 321.0922362804413,
        "accuracy": 0.6152404747033104
    },
    "13": {
        "loss": 319.98605969548225,
        "accuracy": 0.6263585259212991
    },
    "14": {
        "loss": 320.26437363028526,
        "accuracy": 0.6179887570268582
    },
    "15": {
        "loss": 318.0156342983246,
        "accuracy": 0.6279825109306684
    },
    "16": {
        "loss": 318.82084983587265,
        "accuracy": 0.6233603997501561
    },
    "17": {
        "loss": 315.7007233798504,
        "accuracy": 0.6322298563397877
    },
    "18": {
        "loss": 314.75099286437035,
        "accuracy": 0.6352279825109307
    },
    "19": {
        "loss": 315.0749558210373,
        "accuracy": 0.6314803247970019
    }
}